sito,email,stato
https://www.centroesteticosemc.it/,asemc@live.it,statico
https://www.centroesteticosemc.it/,semc@live.it,statico
https://www.centroesteticopozzuoli.it/,becosonia@libero.it,statico
https://linktr.ee/serendipitybeautycenter,online@www.aaa.com,statico
https://linktr.ee/serendipitybeautycenter,only@savagex.com,statico
https://linktr.ee/serendipitybeautycenter,only@www.gobble.com,statico
https://linktr.ee/beautybyslash,beautybyslash@gmail.com,statico
https://linktr.ee/beautybyslash,contact@gdprlocal.com,statico
https://linktr.ee/beautybyslash,dpo.support@gdprlocal.com,statico
https://linktr.ee/beautybyslash,online@www.aaa.com,statico
https://linktr.ee/beautybyslash,only@savagex.com,statico
https://linktr.ee/beautybyslash,only@www.gobble.com,statico
https://linktr.ee/beautybyslash,privacy@linktr.ee,statico
https://www.vanitytimeacademy.it/,info@vanitytimeacademy.it,statico
https://www.biobeautyandrea.it/,andreadelmestre@libero.it,statico
https://www.biobeautyandrea.it/,info@biobeautyandrea.it,statico
https://www.biobeautyandrea.it/,server@biobeautyandrea.it,statico
https://www.centroesteticoresi.it/,centroesteticoresi@hotmail.it,statico
https://t.ly/df5J6,,nessuna-email
https://www.roxywellnessbeauty.com/,,nessuna-email
https://devabeautyconsulence.com/,,nessuna-email
https://ilsalottodellevanita.it/,ilsalottodellevanitasalerno@gmail.com,statico
https://www.giampaoloflora.it/,giampaoloflora@gmail.com,statico
https://www.karmabenessere.it/,info@karmabenessere.it,statico
https://ivanacolellacentroestetico.it/,info@ivanacolellacentroestetico.it,statico
https://www.centroesteticocaprice.it/,giovannamarra70@gmail.com,statico
https://www.parrucchierafricana.com/,postmaster@extessitura.com,statico
https://www.parrucchierafricana.com/,postmaster@parrucchierafricana.com,statico
https://www.maisonkuku.it/,maisonkuku18@gmail.com,statico
http://www.esteticanaraya.it/,,nessuna-email
http://www.iltempiodellabellezza.com/,,nessuna-email
https://www.healthbeautymedicalspa.it/,hbwelfarelab@gmail.com,statico
https://www.newstarannamanzo.it/,newstarannamanzonas@libero.it,statico
https://www.clarabeautylab.com/,clarabeautylab@hotmail.it,statico
https://centrianimaecorpo.com/,,nessuna-email
https://www.bodyclinic.info/,,nessuna-email
https://www.ritualbeautyesteticaavanzata.it/,ritualbeauty@libero.it,statico
https://www.soalesteticaebenessere.it/,info@centroesteticosoal.it,statico
https://www.tuoprofessionista.com/centro-estetico-ladylu,,nessuna-email
https://www.effederm.com/,effederm1@gmail.com,statico
https://www.lelamatia.it/,info@lelamatia.it,render
https://wa.me/message/7QT5GZR744GWO1,,nessuna-email
https://salondebeauteofficial.it/,info@salondebeauteofficial.it,render
https://www.pivia.it/,info@pivia.it,statico
https://www.lartedeimassaggi.it/,minodimeglio@hotmail.it,statico
https://www.lartedeimassaggi.it/,server@lartedeimassaggi.it,statico
https://www.allavioletta.it/,dpo@allavioletta.it,statico
https://www.allavioletta.it/,info@allavioletta.it,statico
https://www.allavioletta.it/,utente@dominio.com,statico
https://brunellabeautycenter.wixsite.com/home,,nessuna-email
https://www.esteticaomnia.it/,,nessuna-email
https://www.dororostudio.com/new-evolution-hub/,,nessuna-email
https://www.ldnhouse.com/,hello@ldnhouse.com,statico
https://www.baciobeauty.com/,amminitrazione@baciobeauty.it,statico
https://www.baciobeauty.com/,info@baciobeauty.com,statico
https://tintarellaestetica.com/,francicotena@gmail.com,render
https://genesiepilnails.it/,giusypinto_gp@libero.it,statico
http://www.scinea.it/,,irraggiungibile
http://www.marcoposttorredelgreco.com/,,irraggiungibile
https://luanasimeone.company.site/,,nessuna-email
https://www.studionice.it/,info@studionice.it,statico
https://www.maisonafrodite.it/,info@maisonafrodite.it,statico
https://www.fusionestetica.it/,info@fusionestetica.it,statico
https://wa.me/393355950189,,nessuna-email
https://www.carmenfabozzi.it/,carmenfabozzi77@gmail.com,statico
https://www.carmenfabozzi.it/,u00a0carmenfabozzi77@gmail.com,statico
https://luciaminopolimakeup.it/,info@localweb.it,statico
https://luciaminopolimakeup.it/,luciarisposte@gmail.com,statico
https://luciaminopolimakeup.it/,orjon.nallbati@localweb.it,statico
https://luciaminopolimakeup.it/,privacy@localweb.it,statico
https://www.professionecapellipozzuoli.it/,,nessuna-email
https://www.luxebeautynapoli.com/,info@luxebeautynapoli.com,statico
https://www.centrounique.com/,info@centrounique.com,statico
https://www.centrounique.com/,segreteria@centrounique.com,statico
https://www.beauty-dreams.it/,,nessuna-email
https://rosariamanzo.com/,,nessuna-email
http://www.sturds.com/Azienda/Index/9,,irraggiungibile
https://karlabeauty.it/,,nessuna-email
https://www.epilfastbeauty.it/,epilfastcaserta@gmail.com,statico
https://www.biotatuaggio.it/,,irraggiungibile
https://www.iolangelabeauty.it/,iolangelabeauty@gmail.com,statico
https://sistersnails.it/,info@sistersnails.it,statico
https://www.esteticabeautylounge.it/,frinchise@cherie.com,statico
https://www.esteticabeautylounge.it/,info@beautysalon.com,statico
https://www.esteticabeautylounge.it/,position@cherie.com,statico
https://www.fabilabeauty.it/,,nessuna-email
https://www.essenzarelax.it/,essenzarelax@virgilio.it,statico
https://www.beautyelle.it/,beautyelle@pec.it,statico
https://www.beautyelle.it/,info@beautyelle.it,statico
https://centroesteticoelisir.org/,,nessuna-email
http://www.amestetica.it/,,timeout
https://accademiadellosguardo.com/,accademiadellosguardo@gmail.com,statico
https://accademiadellosguardo.com/,info@accademiadellosguardo.com,statico
https://twinsforbeauty.it/,info@twinsforbeauty.it,statico
https://www.tiktok.com/@daisybeauty.93,hobsonkaren.hobson@bytedance.com,statico
https://www.tiktok.com/@daisybeauty.93,mercuriojohn_mercurio@motionpictures.org,statico
https://www.iltempiodelledee.it/,,nessuna-email
https://www.miinibeautypoint.it/,,nessuna-email
https://www.beautystudiobydeangelis.it/,,nessuna-email
https://luluslabestetica.it/,,nessuna-email
https://www.mimmofuscohairstylist.it/,fuscoparrucchieri@gmail.com,statico
https://www.mimmofuscohairstylist.it/,jane@untitled.tld,statico
http://emiestetica.weebly.com/,emiestetica2014@gmail.com,statico
https://www.mamabeauty.club/,info@mamabeauty.club,statico
https://www.laratorredermopigmentazione.it/,info@laratorredermopigmentazione.it,statico
https://elitenailbar.it/,elitenailbar@gmail.com,statico
https://clockee.eu/booking/gatex-hair---lab,support@clockee.eu,statico
https://www.almanailluxury.it/,erminiashop@gmail.com,statico
https://linktr.ee/bebeautycastellammare,online@www.aaa.com,statico
https://linktr.ee/bebeautycastellammare,only@savagex.com,statico
https://linktr.ee/bebeautycastellammare,only@www.gobble.com,statico
https://www.medeabeautylounge.com/,,nessuna-email
https://iovinostefania.wixsite.com/laplayadelsol,iovino.stefania@libero.it,statico
https://serenacerchia.com/,info@serenacerchia.com,statico
https://cataleyaestetica.it/,cataleyaesteticacasoria@gmail.com,statico
https://www.lasanafenice.com/,info@lasanafenice.com,statico
https://www.lasanafenice.com/,lasanafenice@gmail.com,statico
https://pedicurecurativoveronica.it/,veronicanobile4@gmail.com,render
https://www.distefanobeautylab.com/,,nessuna-email
https://www.enjoynailsbeauty.it/,,nessuna-email
https://www.snailbavadilumaca.it/,giutenner@outlook.it,statico
https://www.snailbavadilumaca.it/,info@snailbavadilumaca.it,statico
https://santannafarmacia.info/,,nessuna-email
https://valentinastrabello.it/,info@valentinastrabello.it,statico
https://www.teamlucaparrucchieri.it/,teamlucabarberia@gmail.com,statico
https://www.teamlucaparrucchieri.it/,teamlucaparrucchieri@gmail.com,statico
https://www.esteticacerbone.com/,info@esteticacerbone.com,statico
https://essenzacentroesteticocava.it/,manern2020@libero.it,statico
https://msha.ke/serenapmu1,serenapmu1@gmail.com,statico
http://esteticaglamourbenevento.blogspot.it/,,nessuna-email
https://beautyfeabenevento.it/,frinchise@cherie.com,statico
https://beautyfeabenevento.it/,info@beautysalon.com,statico
https://beautyfeabenevento.it/,position@cherie.com,statico
https://www.langolodelbenessere.com/,langolodelbenessere18@gmail.com,statico
https://benessereanael.it/,centroesteticobenessereanael@gmail.com,statico
https://afroditeguerra.it/,afroditeaversa@gmail.com,statico
https://afroditeguerra.it/,afroditeguerra2023@gmail.com,statico
https://www.luisabeautyfarm.it/,info@luisabeautyfarm.it,statico
https://mikyacademy.it/,mikyacademy@gmail.com,statico
https://www.beautyandfashiondipacillo.com/,lello7331@hotmail.com,statico
